title,tags,description
Affectugender pride painted meeple,"board games, boardgames, gamer, boardgamer, board gamer, tabletop, meeple, painted, graffiti, nerd, geek, flag, pride, gender, affectugender","Can't decide between declaring your affectugender pride and your board-gamer pride? Now you don't have to with this vibrant, affectugender pride, painted meeple design!"
Agender pride painted meeple,"board games, boardgames, gamer, boardgamer, board gamer, tabletop, meeple, painted, graffiti, nerd, geek, flag, pride, gender, agender","Can't decide between declaring your agender pride and your board-gamer pride? Now you don't have to with this vibrant, agender pride, painted meeple design!"
Androgyne pride painted meeple,"board games, boardgames, gamer, boardgamer, board gamer, tabletop, meeple, painted, graffiti, nerd, geek, flag, pride, gender, androgyne","Can't decide between declaring your androgyne pride and your board-gamer pride? Now you don't have to with this vibrant, androgyne pride, painted meeple design!"
Androsexual pride painted meeple,"board games, boardgames, gamer, boardgamer, board gamer, tabletop, meeple, painted, graffiti, nerd, geek, flag, pride, sexuality, androsexual","Can't decide between declaring your androsexual pride and your board-gamer pride? Now you don't have to with this vibrant, androsexual pride, painted meeple design!"
Aromantic pride painted meeple,"board games, boardgames, gamer, boardgamer, board gamer, tabletop, meeple, painted, graffiti, nerd, geek, flag, pride, sexuality, aromantic","Can't decide between declaring your aromantic pride and your board-gamer pride? Now you don't have to with this vibrant, aromantic pride, painted meeple design!"
Asexual pride painted meeple,"board games, boardgames, gamer, boardgamer, board gamer, tabletop, meeple, painted, graffiti, nerd, geek, flag, pride, sexuality, asexual","Can't decide between declaring your asexual pride and your board-gamer pride? Now you don't have to with this vibrant, asexual pride, painted meeple design!"
Autigender pride painted meeple,"board games, boardgames, gamer, boardgamer, board gamer, tabletop, meeple, painted, graffiti, nerd, geek, flag, pride, gender, autigender","Can't decide between declaring your autigender pride and your board-gamer pride? Now you don't have to with this vibrant, autigender pride, painted meeple design!"
Bigender pride painted meeple,"board games, boardgames, gamer, boardgamer, board gamer, tabletop, meeple, painted, graffiti, nerd, geek, flag, pride, gender, bigender","Can't decide between declaring your bigender pride and your board-gamer pride? Now you don't have to with this vibrant, bigender pride, painted meeple design!"
Bisexual pride painted meeple,"board games, boardgames, gamer, boardgamer, board gamer, tabletop, meeple, painted, graffiti, nerd, geek, flag, pride, sexuality, bisexual","Can't decide between declaring your bisexual pride and your board-gamer pride? Now you don't have to with this vibrant, bisexual pride, painted meeple design!"
Cavusgender pride painted meeple,"board games, boardgames, gamer, boardgamer, board gamer, tabletop, meeple, painted, graffiti, nerd, geek, flag, pride, gender, cavusgender","Can't decide between declaring your cavusgender pride and your board-gamer pride? Now you don't have to with this vibrant, cavusgender pride, painted meeple design!"
Demiboy pride painted meeple,"board games, boardgames, gamer, boardgamer, board gamer, tabletop, meeple, painted, graffiti, nerd, geek, flag, pride, gender, demiboy","Can't decide between declaring your demiboy pride and your board-gamer pride? Now you don't have to with this vibrant, demiboy pride, painted meeple design!"
Demifluid pride painted meeple,"board games, boardgames, gamer, boardgamer, board gamer, tabletop, meeple, painted, graffiti, nerd, geek, flag, pride, gender, demifluid","Can't decide between declaring your demifluid pride and your board-gamer pride? Now you don't have to with this vibrant, demifluid pride, painted meeple design!"
Demigirl pride painted meeple,"board games, boardgames, gamer, boardgamer, board gamer, tabletop, meeple, painted, graffiti, nerd, geek, flag, pride, gender, demigirl","Can't decide between declaring your demigirl pride and your board-gamer pride? Now you don't have to with this vibrant, demigirl pride, painted meeple design!"
Demisexual pride painted meeple,"board games, boardgames, gamer, boardgamer, board gamer, tabletop, meeple, painted, graffiti, nerd, geek, flag, pride, sexuality, demisexual","Can't decide between declaring your demisexual pride and your board-gamer pride? Now you don't have to with this vibrant, demisexual pride, painted meeple design!"
Genderfluid pride painted meeple,"board games, boardgames, gamer, boardgamer, board gamer, tabletop, meeple, painted, graffiti, nerd, geek, flag, pride, gender, genderfluid","Can't decide between declaring your genderfluid pride and your board-gamer pride? Now you don't have to with this vibrant, genderfluid pride, painted meeple design!"
Genderflux pride painted meeple,"board games, boardgames, gamer, boardgamer, board gamer, tabletop, meeple, painted, graffiti, nerd, geek, flag, pride, gender, genderflux","Can't decide between declaring your genderflux pride and your board-gamer pride? Now you don't have to with this vibrant, genderflux pride, painted meeple design!"
Genderqueer pride painted meeple,"board games, boardgames, gamer, boardgamer, board gamer, tabletop, meeple, painted, graffiti, nerd, geek, flag, pride, gender, genderqueer","Can't decide between declaring your genderqueer pride and your board-gamer pride? Now you don't have to with this vibrant, genderqueer pride, painted meeple design!"
Gynosexual pride painted meeple,"board games, boardgames, gamer, boardgamer, board gamer, tabletop, meeple, painted, graffiti, nerd, geek, flag, pride, sexuality, gynosexual","Can't decide between declaring your gynosexual pride and your board-gamer pride? Now you don't have to with this vibrant, gynosexual pride, painted meeple design!"
Intergender pride painted meeple,"board games, boardgames, gamer, boardgamer, board gamer, tabletop, meeple, painted, graffiti, nerd, geek, flag, pride, gender, intergender","Can't decide between declaring your intergender pride and your board-gamer pride? Now you don't have to with this vibrant, intergender pride, painted meeple design!"
Intersex pride painted meeple,"board games, boardgames, gamer, boardgamer, board gamer, tabletop, meeple, painted, graffiti, nerd, geek, flag, pride, gender, intersex","Can't decide between declaring your intersex pride and your board-gamer pride? Now you don't have to with this vibrant, intersex pride, painted meeple design!"
Lesbian pride painted meeple,"board games, boardgames, gamer, boardgamer, board gamer, tabletop, meeple, painted, graffiti, nerd, geek, flag, pride, sexuality, lesbian","Can't decide between declaring your lesbian pride and your board-gamer pride? Now you don't have to with this vibrant, lesbian pride, painted meeple design!"
Librafeminine pride painted meeple,"board games, boardgames, gamer, boardgamer, board gamer, tabletop, meeple, painted, graffiti, nerd, geek, flag, pride, gender, librafeminine","Can't decide between declaring your librafeminine pride and your board-gamer pride? Now you don't have to with this vibrant, librafeminine pride, painted meeple design!"
Librafluid pride painted meeple,"board games, boardgames, gamer, boardgamer, board gamer, tabletop, meeple, painted, graffiti, nerd, geek, flag, pride, gender, librafluid","Can't decide between declaring your librafluid pride and your board-gamer pride? Now you don't have to with this vibrant, librafluid pride, painted meeple design!"
Libramasculine pride painted meeple,"board games, boardgames, gamer, boardgamer, board gamer, tabletop, meeple, painted, graffiti, nerd, geek, flag, pride, gender, libramasculine","Can't decide between declaring your libramasculine pride and your board-gamer pride? Now you don't have to with this vibrant, libramasculine pride, painted meeple design!"
Maverique pride painted meeple,"board games, boardgames, gamer, boardgamer, board gamer, tabletop, meeple, painted, graffiti, nerd, geek, flag, pride, gender, maverique","Can't decide between declaring your maverique pride and your board-gamer pride? Now you don't have to with this vibrant, maverique pride, painted meeple design!"
Neurogender pride painted meeple,"board games, boardgames, gamer, boardgamer, board gamer, tabletop, meeple, painted, graffiti, nerd, geek, flag, pride, gender, neurogender","Can't decide between declaring your neurogender pride and your board-gamer pride? Now you don't have to with this vibrant, neurogender pride, painted meeple design!"
Neutrois pride painted meeple,"board games, boardgames, gamer, boardgamer, board gamer, tabletop, meeple, painted, graffiti, nerd, geek, flag, pride, gender, neutrois","Can't decide between declaring your neutrois pride and your board-gamer pride? Now you don't have to with this vibrant, neutrois pride, painted meeple design!"
Nonbinary pride painted meeple,"board games, boardgames, gamer, boardgamer, board gamer, tabletop, meeple, painted, graffiti, nerd, geek, flag, pride, gender, nonbinary","Can't decide between declaring your nonbinary pride and your board-gamer pride? Now you don't have to with this vibrant, nonbinary pride, painted meeple design!"
Pansexual pride painted meeple,"board games, boardgames, gamer, boardgamer, board gamer, tabletop, meeple, painted, graffiti, nerd, geek, flag, pride, sexuality, pansexual","Can't decide between declaring your pansexual pride and your board-gamer pride? Now you don't have to with this vibrant, pansexual pride, painted meeple design!"
Polyamorous pride painted meeple,"board games, boardgames, gamer, boardgamer, board gamer, tabletop, meeple, painted, graffiti, nerd, geek, flag, pride, sexuality, polyamorous","Can't decide between declaring your polyamorous pride and your board-gamer pride? Now you don't have to with this vibrant, polyamorous pride, painted meeple design!"
Polygender pride painted meeple,"board games, boardgames, gamer, boardgamer, board gamer, tabletop, meeple, painted, graffiti, nerd, geek, flag, pride, gender, polygender","Can't decide between declaring your polygender pride and your board-gamer pride? Now you don't have to with this vibrant, polygender pride, painted meeple design!"
Polysexual pride painted meeple,"board games, boardgames, gamer, boardgamer, board gamer, tabletop, meeple, painted, graffiti, nerd, geek, flag, pride, sexuality, polysexual","Can't decide between declaring your polysexual pride and your board-gamer pride? Now you don't have to with this vibrant, polysexual pride, painted meeple design!"
Pride pride painted meeple,"board games, boardgames, gamer, boardgamer, board gamer, tabletop, meeple, painted, graffiti, nerd, geek, flag, pride, sexuality, pride","Can't decide between declaring your pride pride and your board-gamer pride? Now you don't have to with this vibrant, pride pride, painted meeple design!"
Transfeminine pride painted meeple,"board games, boardgames, gamer, boardgamer, board gamer, tabletop, meeple, painted, graffiti, nerd, geek, flag, pride, gender, transfeminine","Can't decide between declaring your transfeminine pride and your board-gamer pride? Now you don't have to with this vibrant, transfeminine pride, painted meeple design!"
Transgender pride painted meeple,"board games, boardgames, gamer, boardgamer, board gamer, tabletop, meeple, painted, graffiti, nerd, geek, flag, pride, gender, transgender","Can't decide between declaring your transgender pride and your board-gamer pride? Now you don't have to with this vibrant, transgender pride, painted meeple design!"
Transmasculine pride painted meeple,"board games, boardgames, gamer, boardgamer, board gamer, tabletop, meeple, painted, graffiti, nerd, geek, flag, pride, gender, transmasculine","Can't decide between declaring your transmasculine pride and your board-gamer pride? Now you don't have to with this vibrant, transmasculine pride, painted meeple design!"
Trigender pride painted meeple,"board games, boardgames, gamer, boardgamer, board gamer, tabletop, meeple, painted, graffiti, nerd, geek, flag, pride, gender, trigender","Can't decide between declaring your trigender pride and your board-gamer pride? Now you don't have to with this vibrant, trigender pride, painted meeple design!"
